{
  "openapi": "3.0.0",
  "info": {
    "title": "User Management API",
    "version": "1.0.0"
  },
  "paths": {
    "/api/users": {
      "get": {
        "summary": "Get all users",
        "responses": {
          "200": {
            "description": "List of users"
          }
        }
      },
      "post": {
        "summary": "Create a new user",
        "requestBody": {
          "required": true,
          "content": {
            "application/json": {
              "schema": {
                "$ref": "#/components/schemas/User"
              }
            }
          }
        },
        "responses": {
          "201": {
            "description": "User created"
          }
        }
      }
    },
    "/api/users/{id}": {
      "put": {
        "summary": "Update a user by ID",
        "parameters": [
          {
            "name": "id",
            "in": "path",
            "required": true,
            "schema": {
              "type": "integer"
            }
          }
        ],
        "requestBody": {
          "required": true,
          "content": {
            "application/json": {
              "schema": {
                "$ref": "#/components/schemas/User"
              }
            }
          }
        },
        "responses": {
          "200": {
            "description": "User updated"
          }
        }
      },
      "delete": {
        "summary": "Delete a user by ID",
        "parameters": [
          {
            "name": "id",
            "in": "path",
            "required": true,
            "schema": {
              "type": "integer"
            }
          }
        ],
        "responses": {
          "200": {
            "description": "User deleted"
          }
        }
      }
    }
  },
  "components": {
    "schemas": {
      "User": {
        "type": "object",
        "properties": {
          "name": {
            "type": "string"
          },
          "email": {
            "type": "string",
            "format": "email"
          },
          "phone": {
            "type": "string"
          },
          "is_active": {
            "type": "boolean"
          },
          "department": {
            "type": "string"
          }
        },
        "required": [
          "name",
          "email",
          "phone",
          "is_active",
          "department"
        ]
      }
    }
  }
}